번호,이름,별칭,타입,총합,HP,공격력,방어력,특별공격력,특별방어력,속도
1,이상해씨,,GRASS,318,45,49,49,65,65,45
2,이상해풀,,GRASS,405,60,62,63,80,80,60
3,이상해꽃,,GRASS,525,80,82,83,100,100,80
3,이상해꽃,Mega Venusaur,GRASS,625,80,100,123,122,120,80
4,파이리,,FIRE,309,39,52,43,60,50,65
5,리자드,,FIRE,405,58,64,58,80,65,80
6,리자몽,,FIRE,534,78,84,78,109,85,100
6,리자몽,Mega Charizard X,FIRE,634,78,130,111,130,85,100
6,리자몽,Mega Charizard Y,FIRE,634,78,104,78,159,115,100
7,꼬부기,,WATER,314,44,48,65,50,64,43
8,어니부기,,WATER,405,59,63,80,65,80,58
9,거북왕,,WATER,530,79,83,100,85,105,78
9,거북왕,Mega Blastoise,WATER,630,79,103,120,135,115,78
10,캐터피,,BUG,195,45,30,35,20,20,45
11,단데기,,BUG,205,50,20,55,25,25,30
12,버터플,,BUG,395,60,45,50,90,80,70
13,뿔충이,,BUG,195,40,35,30,20,20,50
14,딱충이,,BUG,205,45,25,50,25,25,35
15,독침붕,,BUG,395,65,90,40,45,80,75
15,독침붕,Mega Beedrill,BUG,495,65,150,40,15,80,145
16,구구,,NORMAL,251,40,45,40,35,35,56
17,피죤,,NORMAL,349,63,60,55,50,50,71
18,피죤투,,NORMAL,479,83,80,75,70,70,101
18,피죤투,Mega Pidgeot,NORMAL,579,83,80,80,135,80,121
19,꼬렛,,NORMAL,253,30,56,35,25,35,72
19,꼬렛,Alolan Rattata,DARK,253,30,56,35,25,35,72
20,레트라,,NORMAL,413,55,81,60,50,70,97
20,레트라,Alolan Raticate,DARK,413,75,71,70,40,80,77
21,깨비참,,NORMAL,262,40,60,30,31,31,70
22,깨비드릴조,,NORMAL,442,65,90,65,61,61,100
23,아보,,POISON,288,35,60,44,40,54,55
24,아보크,,POISON,448,60,95,69,65,79,80
25,피카츄,,ELECTRIC,320,35,55,40,50,50,90
25,피카츄,Partner Pikachu,ELECTRIC,430,45,80,50,75,60,120
26,라이츄,,ELECTRIC,485,60,90,55,90,80,110
26,라이츄,Alolan Raichu,ELECTRIC,485,60,85,50,95,85,110
27,모래두지,,GROUND,300,50,75,85,20,30,40
27,모래두지,Alolan Sandshrew,ICE,300,50,75,90,10,35,40
28,고지,,GROUND,450,75,100,110,45,55,65
28,고지,Alolan Sandslash,ICE,450,75,100,120,25,65,65
29,니드런수,,POISON,275,55,47,52,40,40,41
30,니드리나,,POISON,365,70,62,67,55,55,56
31,니드퀸,,POISON,505,90,92,87,75,85,76
32,니드런암,,POISON,273,46,57,40,40,40,50
33,니드리노,,POISON,365,61,72,57,55,55,65
34,니드킹,,POISON,505,81,102,77,85,75,85
35,삐삐,,FAIRY,323,70,45,48,60,65,35
36,픽시,,FAIRY,483,95,70,73,95,90,60
37,식스테일,,FIRE,299,38,41,40,50,65,65
37,식스테일,Alolan Vulpix,ICE,299,38,41,40,50,65,65
38,나인테일,,FIRE,505,73,76,75,81,100,100
38,나인테일,Alolan Ninetales,ICE,505,73,67,75,81,100,109
39,푸린,,NORMAL,270,115,45,20,45,25,20
40,푸크린,,NORMAL,435,140,70,45,85,50,45
41,주뱃,,POISON,245,40,45,35,30,40,55
42,골뱃,,POISON,455,75,80,70,65,75,90
43,뚜벅쵸,,GRASS,320,45,50,55,75,65,30
44,냄새꼬,,GRASS,395,60,65,70,85,75,40
45,라플레시아,,GRASS,490,75,80,85,110,90,50
46,파라스,,BUG,285,35,70,55,45,55,25
47,파라섹트,,BUG,405,60,95,80,60,80,30
48,콘팡,,BUG,305,60,55,50,40,55,45
49,도나리,,BUG,450,70,65,60,90,75,90
50,디그다,,GROUND,265,10,55,25,35,45,95
50,디그다,Alolan Diglett,GROUND,265,10,55,30,35,45,90
51,닥트리오,,GROUND,425,35,100,50,50,70,120
51,닥트리오,Alolan Dugtrio,GROUND,425,35,100,60,50,70,110
52,나옹,,NORMAL,290,40,45,35,40,40,90
52,나옹,Alolan Meowth,DARK,290,40,35,35,50,40,90
52,나옹,Galarian Meowth,STEEL,290,50,65,55,40,40,40
53,페르시온,,NORMAL,440,65,70,60,65,65,115
53,페르시온,Alolan Persian,DARK,440,65,60,60,75,65,115
54,고라파덕,,WATER,320,50,52,48,65,50,55
55,골덕,,WATER,500,80,82,78,95,80,85
56,망키,,FIGHTING,305,40,80,35,35,45,70
57,성원숭,,FIGHTING,455,65,105,60,60,70,95
58,가디,,FIRE,350,55,70,45,70,50,60
59,윈디,,FIRE,555,90,110,80,100,80,95
60,발챙이,,WATER,300,40,50,40,40,40,90
61,슈륙챙이,,WATER,385,65,65,65,50,50,90
62,강챙이,,WATER,510,90,95,95,70,90,70
63,캐이시,,PSYCHIC,310,25,20,15,105,55,90
64,윤겔라,,PSYCHIC,400,40,35,30,120,70,105
65,후딘,,PSYCHIC,500,55,50,45,135,95,120
65,후딘,Mega Alakazam,PSYCHIC,600,55,50,65,175,105,150
66,알통몬,,FIGHTING,305,70,80,50,35,35,35
67,근육몬,,FIGHTING,405,80,100,70,50,60,45
68,괴력몬,,FIGHTING,505,90,130,80,65,85,55
69,모다피,,GRASS,300,50,75,35,70,30,40
70,우츠동,,GRASS,390,65,90,50,85,45,55
71,우츠보트,,GRASS,490,80,105,65,100,70,70
72,왕눈해,,WATER,335,40,40,35,50,100,70
73,독파리,,WATER,515,80,70,65,80,120,100
74,꼬마돌,,ROCK,300,40,80,100,30,30,20
74,꼬마돌,Alolan Geodude,ROCK,300,40,80,100,30,30,20
75,데구리,,ROCK,390,55,95,115,45,45,35
75,데구리,Alolan Graveler,ROCK,390,55,95,115,45,45,35
76,딱구리,,ROCK,495,80,120,130,55,65,45
76,딱구리,Alolan Golem,ROCK,495,80,120,130,55,65,45
77,포니타,,FIRE,410,50,85,55,65,65,90
77,포니타,Galarian Ponyta,PSYCHIC,410,50,85,55,65,65,90
78,날쌩마,,FIRE,500,65,100,70,80,80,105
78,날쌩마,Galarian Rapidash,PSYCHIC,500,65,100,70,80,80,105
79,야돈,,WATER,315,90,65,65,40,40,15
79,야돈,Galarian Slowpoke,PSYCHIC,315,90,65,65,40,40,15
80,야도란,,WATER,490,95,75,110,100,80,30
80,야도란,Mega Slowbro,WATER,590,95,75,180,130,80,30
80,야도란,Galarian Slowbro,POISON,490,95,100,95,100,70,30
81,코일,,ELECTRIC,325,25,35,70,95,55,45
82,레어코일,,ELECTRIC,465,50,60,95,120,70,70
83,파오리,,NORMAL,377,52,90,55,58,62,60
83,파오리,Galarian Farfetch'd,FIGHTING,377,52,95,55,58,62,55
84,두두,,NORMAL,310,35,85,45,35,35,75
85,두트리오,,NORMAL,470,60,110,70,60,60,110
86,쥬쥬,,WATER,325,65,45,55,45,70,45
87,쥬레곤,,WATER,475,90,70,80,70,95,70
88,질퍽이,,POISON,325,80,80,50,40,50,25
88,질퍽이,Alolan Grimer,POISON,325,80,80,50,40,50,25
89,질뻐기,,POISON,500,105,105,75,65,100,50
89,질뻐기,Alolan Muk,POISON,500,105,105,75,65,100,50
90,셀러,,WATER,305,30,65,100,45,25,40
91,파르셀,,WATER,525,50,95,180,85,45,70
92,고오스,,GHOST,310,30,35,30,100,35,80
93,고우스트,,GHOST,405,45,50,45,115,55,95
94,팬텀,,GHOST,500,60,65,60,130,75,110
94,팬텀,Mega Gengar,GHOST,600,60,65,80,170,95,130
95,롱스톤,,ROCK,385,35,45,160,30,45,70
96,슬리프,,PSYCHIC,328,60,48,45,43,90,42
97,슬리퍼,,PSYCHIC,483,85,73,70,73,115,67
98,크랩,,WATER,325,30,105,90,25,25,50
99,킹크랩,,WATER,475,55,130,115,50,50,75
100,찌리리공,,ELECTRIC,330,40,30,50,55,55,100
101,붐볼,,ELECTRIC,490,60,50,70,80,80,150
102,아라리,,GRASS,325,60,40,80,60,45,40
103,나시,,GRASS,530,95,95,85,125,75,55
103,나시,Alolan Exeggutor,GRASS,530,95,105,85,125,75,45
104,탕구리,,GROUND,320,50,50,95,40,50,35
105,텅구리,,GROUND,425,60,80,110,50,80,45
105,텅구리,Alolan Marowak,FIRE,425,60,80,110,50,80,45
106,시라소몬,,FIGHTING,455,50,120,53,35,110,87
107,홍수몬,,FIGHTING,455,50,105,79,35,110,76
108,내루미,,NORMAL,385,90,55,75,60,75,30
109,또가스,,POISON,340,40,65,95,60,45,35
110,또도가스,,POISON,490,65,90,120,85,70,60
110,또도가스,Galarian Weezing,POISON,490,65,90,120,85,70,60
111,뿔카노,,GROUND,345,80,85,95,30,30,25
112,코뿌리,,GROUND,485,105,130,120,45,45,40
113,럭키,,NORMAL,450,250,5,5,35,105,50
114,덩쿠리,,GRASS,435,65,55,115,100,40,60
115,캥카,,NORMAL,490,105,95,80,40,80,90
115,캥카,Mega Kangaskhan,NORMAL,590,105,125,100,60,100,100
116,쏘드라,,WATER,295,30,40,70,70,25,60
117,시드라,,WATER,440,55,65,95,95,45,85
118,콘치,,WATER,320,45,67,60,35,50,63
119,왕콘치,,WATER,450,80,92,65,65,80,68
120,별가사리,,WATER,340,30,45,55,70,55,85
121,아쿠스타,,WATER,520,60,75,85,100,85,115
122,Mr. Mime,,PSYCHIC,460,40,45,65,100,120,90
122,Mr. Mime,Galarian Mr. Mime,ICE,460,50,65,65,90,90,100
123,스라크,,BUG,500,70,110,80,55,80,105
124,루주라,,ICE,455,65,50,35,115,95,95
125,에레브,,ELECTRIC,490,65,83,57,95,85,105
126,마그마,,FIRE,495,65,95,57,100,85,93
127,쁘사이저,,BUG,500,65,125,100,55,70,85
127,쁘사이저,Mega Pinsir,BUG,600,65,155,120,65,90,105
128,켄타로스,,NORMAL,490,75,100,95,40,70,110
129,잉어킹,,WATER,200,20,10,55,15,20,80
130,갸라도스,,WATER,540,95,125,79,60,100,81
130,갸라도스,Mega Gyarados,WATER,640,95,155,109,70,130,81
131,라프라스,,WATER,535,130,85,80,85,95,60
132,메타몽,,NORMAL,288,48,48,48,48,48,48
133,이브이,,NORMAL,325,55,55,50,45,65,55
133,이브이,Partner Eevee,NORMAL,435,65,75,70,65,85,75
134,샤미드,,WATER,525,130,65,60,110,95,65
135,쥬피썬더,,ELECTRIC,525,65,65,60,110,95,130
136,부스터,,FIRE,525,65,130,60,95,110,65
137,폴리곤,,NORMAL,395,65,60,70,85,75,40
138,암나이트,,ROCK,355,35,40,100,90,55,35
139,암스타,,ROCK,495,70,60,125,115,70,55
140,투구,,ROCK,355,30,80,90,55,45,55
141,투구푸스,,ROCK,495,60,115,105,65,70,80
142,프테라,,ROCK,515,80,105,65,60,75,130
142,프테라,Mega Aerodactyl,ROCK,615,80,135,85,70,95,150
143,잠만보,,NORMAL,540,160,110,65,65,110,30
144,프리져,,ICE,580,90,85,100,95,125,85
144,프리져,Galarian Articuno,PSYCHIC,580,90,85,85,125,100,95
145,썬더,,ELECTRIC,580,90,90,85,125,90,100
145,썬더,Galarian Zapdos,FIGHTING,580,90,125,90,85,90,100
146,파이어,,FIRE,580,90,100,90,125,85,90
146,파이어,Galarian Moltres,DARK,580,90,85,90,100,125,90
147,미뇽,,DRAGON,300,41,64,45,50,50,50
148,신뇽,,DRAGON,420,61,84,65,70,70,70
149,망나뇽,,DRAGON,600,91,134,95,100,100,80
150,뮤츠,,PSYCHIC,680,106,110,90,154,90,130
150,뮤츠,Mega Mewtwo X,PSYCHIC,780,106,190,100,154,100,130
150,뮤츠,Mega Mewtwo Y,PSYCHIC,780,106,150,70,194,120,140
151,뮤,,PSYCHIC,600,100,100,100,100,100,100
152,치코리타,,GRASS,318,45,49,65,49,65,45
153,베이리프,,GRASS,405,60,62,80,63,80,60
154,메가니움,,GRASS,525,80,82,100,83,100,80
155,브케인,,FIRE,309,39,52,43,60,50,65
156,마그케인,,FIRE,405,58,64,58,80,65,80
157,블레이범,,FIRE,534,78,84,78,109,85,100
158,리아코,,WATER,314,50,65,64,44,48,43
159,엘리게이,,WATER,405,65,80,80,59,63,58
160,장크로다일,,WATER,530,85,105,100,79,83,78
161,꼬리선,,NORMAL,215,35,46,34,35,45,20
162,다꼬리,,NORMAL,415,85,76,64,45,55,90
163,부우부,,NORMAL,262,60,30,30,36,56,50
164,야부엉,,NORMAL,452,100,50,50,86,96,70
165,레디바,,BUG,265,40,20,30,40,80,55
166,레디안,,BUG,390,55,35,50,55,110,85
167,페이검,,BUG,250,40,60,40,40,40,30
168,아리아도스,,BUG,400,70,90,70,60,70,40
169,크로뱃,,POISON,535,85,90,80,70,80,130
170,초라기,,WATER,330,75,38,38,56,56,67
171,랜턴,,WATER,460,125,58,58,76,76,67
172,피츄,,ELECTRIC,205,20,40,15,35,35,60
173,삐,,FAIRY,218,50,25,28,45,55,15
174,푸푸린,,NORMAL,210,90,30,15,40,20,15
175,토게피,,FAIRY,245,35,20,65,40,65,20
176,토게틱,,FAIRY,405,55,40,85,80,105,40
177,네이티,,PSYCHIC,320,40,50,45,70,45,70
178,네이티오,,PSYCHIC,470,65,75,70,95,70,95
179,메리프,,ELECTRIC,280,55,40,40,65,45,35
180,보송송,,ELECTRIC,365,70,55,55,80,60,45
181,전룡,,ELECTRIC,510,90,75,85,115,90,55
181,전룡,Mega Ampharos,ELECTRIC,610,90,95,105,165,110,45
182,아르코,,GRASS,490,75,80,95,90,100,50
183,마릴,,WATER,250,70,20,50,20,50,40
184,마릴리,,WATER,420,100,50,80,60,80,50
185,꼬지모,,ROCK,410,70,100,115,30,65,30
186,왕구리,,WATER,500,90,75,75,90,100,70
187,통통코,,GRASS,250,35,35,40,35,55,50
188,두코,,GRASS,340,55,45,50,45,65,80
189,솜솜코,,GRASS,460,75,55,70,55,95,110
190,에이팜,,NORMAL,360,55,70,55,40,55,85
191,해너츠,,GRASS,180,30,30,30,30,30,30
192,해루미,,GRASS,425,75,75,55,105,85,30
193,왕자리,,BUG,390,65,65,45,75,45,95
194,우파,,WATER,210,55,45,45,25,25,15
195,누오,,WATER,430,95,85,85,65,65,35
196,에브이,,PSYCHIC,525,65,65,60,130,95,110
197,블래키,,DARK,525,95,65,110,60,130,65
198,니로우,,DARK,405,60,85,42,85,42,91
199,야도킹,,WATER,490,95,75,80,100,110,30
199,야도킹,Galarian Slowking,POISON,490,95,65,80,110,110,30
200,무우마,,GHOST,435,60,60,60,85,85,85
201,안농,,PSYCHIC,336,48,72,48,72,48,48
202,마자용,,PSYCHIC,405,190,33,58,33,58,33
203,키링키,,NORMAL,455,70,80,65,90,65,85
204,피콘,,BUG,290,50,65,90,35,35,15
205,쏘콘,,BUG,465,75,90,140,60,60,40
206,노고치,,NORMAL,415,100,70,70,65,65,45
207,글라이거,,GROUND,430,65,75,105,35,65,85
208,강철톤,,STEEL,510,75,85,200,55,65,30
208,강철톤,Mega Steelix,STEEL,610,75,125,230,55,95,30
209,블루,,FAIRY,300,60,80,50,40,40,30
210,그랑블루,,FAIRY,450,90,120,75,60,60,45
211,침바루,,WATER,440,65,95,85,55,55,85
212,핫삼,,BUG,500,70,130,100,55,80,65
212,핫삼,Mega Scizor,BUG,600,70,150,140,65,100,75
213,단단지,,BUG,505,20,10,230,10,230,5
214,헤라크로스,,BUG,500,80,125,75,40,95,85
214,헤라크로스,Mega Heracross,BUG,600,80,185,115,40,105,75
215,포푸니,,DARK,430,55,95,55,35,75,115
216,깜지곰,,NORMAL,330,60,80,50,50,50,40
217,링곰,,NORMAL,500,90,130,75,75,75,55
218,마그마그,,FIRE,250,40,40,40,70,40,20
219,마그카르고,,FIRE,430,60,50,120,90,80,30
220,꾸꾸리,,ICE,250,50,50,40,30,30,50
221,메꾸리,,ICE,450,100,100,80,60,60,50
222,코산호,,WATER,410,65,55,95,65,95,35
222,코산호,Galarian Corsola,GHOST,410,60,55,100,65,100,30
223,총어,,WATER,300,35,65,35,65,35,65
224,대포무노,,WATER,480,75,105,75,105,75,45
225,딜리버드,,ICE,330,45,55,45,65,45,75
226,만타인,,WATER,485,85,40,70,80,140,70
227,무장조,,STEEL,465,65,80,140,40,70,70
228,델빌,,DARK,330,45,60,30,80,50,65
229,헬가,,DARK,500,75,90,50,110,80,95
229,헬가,Mega Houndoom,DARK,600,75,90,90,140,90,115
230,킹드라,,WATER,540,75,95,95,95,95,85
231,코코리,,GROUND,330,90,60,60,40,40,40
232,코리갑,,GROUND,500,90,120,120,60,60,50
233,폴리곤2,,NORMAL,515,85,80,90,105,95,60
234,노라키,,NORMAL,465,73,95,62,85,65,85
235,루브도,,NORMAL,250,55,20,35,20,45,75
236,배루키,,FIGHTING,210,35,35,35,35,35,35
237,카포에라,,FIGHTING,455,50,95,95,35,110,70
238,뽀뽀라,,ICE,305,45,30,15,85,65,65
239,에레키드,,ELECTRIC,360,45,63,37,65,55,95
240,마그비,,FIRE,365,45,75,37,70,55,83
241,밀탱크,,NORMAL,490,95,80,105,40,70,100
242,해피너스,,NORMAL,540,255,10,10,75,135,55
243,라이코,,ELECTRIC,580,90,85,75,115,100,115
244,앤테이,,FIRE,580,115,115,85,90,75,100
245,스이쿤,,WATER,580,100,75,115,90,115,85
246,애버라스,,ROCK,300,50,64,50,45,50,41
247,데기라스,,ROCK,410,70,84,70,65,70,51
248,마기라스,,ROCK,600,100,134,110,95,100,61
248,마기라스,Mega Tyranitar,ROCK,700,100,164,150,95,120,71
249,루기아,,PSYCHIC,680,106,90,130,90,154,110
250,Ho-oh,,FIRE,680,106,130,90,110,154,90
251,세레비,,PSYCHIC,600,100,100,100,100,100,100
252,나무지기,,GRASS,310,40,45,35,65,55,70
253,나무돌이,,GRASS,405,50,65,45,85,65,95
254,나무킹,,GRASS,530,70,85,65,105,85,120
254,나무킹,Mega Sceptile,GRASS,630,70,110,75,145,85,145
255,아차모,,FIRE,310,45,60,40,70,50,45
256,영치코,,FIRE,405,60,85,60,85,60,55
257,번치코,,FIRE,530,80,120,70,110,70,80
257,번치코,Mega Blaziken,FIRE,630,80,160,80,130,80,100
258,물짱이,,WATER,310,50,70,50,50,50,40
259,늪짱이,,WATER,405,70,85,70,60,70,50
260,대짱이,,WATER,535,100,110,90,85,90,60
260,대짱이,Mega Swampert,WATER,635,100,150,110,95,110,70
261,포챠나,,DARK,220,35,55,35,30,30,35
262,그라에나,,DARK,420,70,90,70,60,60,70
263,지그제구리,,NORMAL,240,38,30,41,30,41,60
263,지그제구리,Galarian Zigzagoon,DARK,240,38,30,41,30,41,60
264,직구리,,NORMAL,420,78,70,61,50,61,100
264,직구리,Galarian Linoone,DARK,420,78,70,61,50,61,100
265,개무소,,BUG,195,45,45,35,20,30,20
266,실쿤,,BUG,205,50,35,55,25,25,15
267,뷰티플라이,,BUG,395,60,70,50,100,50,65
268,카스쿤,,BUG,205,50,35,55,25,25,15
269,독케일,,BUG,385,60,50,70,50,90,65
270,연꽃몬,,WATER,220,40,30,30,40,50,30
271,로토스,,WATER,340,60,50,50,60,70,50
272,로파파,,WATER,480,80,70,70,90,100,70
273,도토링,,GRASS,220,40,40,50,30,30,30
274,잎새코,,GRASS,340,70,70,40,60,40,60
275,다탱구,,GRASS,480,90,100,60,90,60,80
276,테일로,,NORMAL,270,40,55,30,30,30,85
277,스왈로,,NORMAL,455,60,85,60,75,50,125
278,갈모매,,WATER,270,40,30,30,55,30,85
279,패리퍼,,WATER,440,60,50,100,95,70,65
280,랄토스,,PSYCHIC,198,28,25,25,45,35,40
281,킬리아,,PSYCHIC,278,38,35,35,65,55,50
282,가디안,,PSYCHIC,518,68,65,65,125,115,80
282,가디안,Mega Gardevoir,PSYCHIC,618,68,85,65,165,135,100
283,비구술,,BUG,269,40,30,32,50,52,65
284,비나방,,BUG,454,70,60,62,100,82,80
285,버섯꼬,,GRASS,295,60,40,60,40,60,35
286,버섯모,,GRASS,460,60,130,80,60,60,70
287,게을로,,NORMAL,280,60,60,60,35,35,30
288,발바로,,NORMAL,440,80,80,80,55,55,90
289,게을킹,,NORMAL,670,150,160,100,95,65,100
290,토중몬,,BUG,266,31,45,90,30,30,40
291,아이스크,,BUG,456,61,90,45,50,50,160
292,껍질몬,,BUG,236,1,90,45,30,30,40
293,소곤룡,,NORMAL,240,64,51,23,51,23,28
294,노공룡,,NORMAL,360,84,71,43,71,43,48
295,폭음룡,,NORMAL,490,104,91,63,91,73,68
296,마크탕,,FIGHTING,237,72,60,30,20,30,25
297,하리뭉,,FIGHTING,474,144,120,60,40,60,50
298,루리리,,NORMAL,190,50,20,40,20,40,20
299,코코파스,,ROCK,375,30,45,135,45,90,30
300,에나비,,NORMAL,260,50,45,45,35,35,50
301,델케티,,NORMAL,400,70,65,65,55,55,90
302,깜까미,,DARK,380,50,75,75,65,65,50
302,깜까미,Mega Sableye,DARK,480,50,85,125,85,115,20
303,입치트,,STEEL,380,50,85,85,55,55,50
303,입치트,Mega Mawile,STEEL,480,50,105,125,55,95,50
304,가보리,,STEEL,330,50,70,100,40,40,30
305,갱도라,,STEEL,430,60,90,140,50,50,40
306,보스로라,,STEEL,530,70,110,180,60,60,50
306,보스로라,Mega Aggron,STEEL,630,70,140,230,60,80,50
307,요가랑,,FIGHTING,280,30,40,55,40,55,60
308,요가램,,FIGHTING,410,60,60,75,60,75,80
308,요가램,Mega Medicham,FIGHTING,510,60,100,85,80,85,100
309,썬더라이,,ELECTRIC,295,40,45,40,65,40,65
310,썬더볼트,,ELECTRIC,475,70,75,60,105,60,105
310,썬더볼트,Mega Manectric,ELECTRIC,575,70,75,80,135,80,135
311,플러시,,ELECTRIC,405,60,50,40,85,75,95
312,마이농,,ELECTRIC,405,60,40,50,75,85,95
313,볼비트,,BUG,430,65,73,75,47,85,85
314,네오비트,,BUG,430,65,47,75,73,85,85
315,로젤리아,,GRASS,400,50,60,45,100,80,65
316,꼴깍몬,,POISON,302,70,43,53,43,53,40
317,꿀꺽몬,,POISON,467,100,73,83,73,83,55
318,샤프니아,,WATER,305,45,90,20,65,20,65
319,샤크니아,,WATER,460,70,120,40,95,40,95
319,샤크니아,Mega Sharpedo,WATER,560,70,140,70,110,65,105
320,고래왕자,,WATER,400,130,70,35,70,35,60
321,고래왕,,WATER,500,170,90,45,90,45,60
322,둔타,,FIRE,305,60,60,40,65,45,35
323,폭타,,FIRE,460,70,100,70,105,75,40
323,폭타,Mega Camerupt,FIRE,560,70,120,100,145,105,20
324,코터스,,FIRE,470,70,85,140,85,70,20
325,피그점프,,PSYCHIC,330,60,25,35,70,80,60
326,피그킹,,PSYCHIC,470,80,45,65,90,110,80
327,얼루기,,NORMAL,360,60,60,60,60,60,60
328,톱치,,GROUND,290,45,100,45,45,45,10
329,비브라바,,GROUND,340,50,70,50,50,50,70
330,플라이곤,,GROUND,520,80,100,80,80,80,100
331,선인왕,,GRASS,335,50,85,40,85,40,35
332,밤선인,,GRASS,475,70,115,60,115,60,55
333,파비코,,NORMAL,310,45,40,60,40,75,50
334,파비코리,,DRAGON,490,75,70,90,70,105,80
334,파비코리,Mega Altaria,DRAGON,590,75,110,110,110,105,80
335,쟝고,,NORMAL,458,73,115,60,60,60,90
336,세비퍼,,POISON,458,73,100,60,100,60,65
337,루나톤,,ROCK,460,90,55,65,95,85,70
338,솔록,,ROCK,460,90,95,85,55,65,70
339,미꾸리,,WATER,288,50,48,43,46,41,60
340,메깅,,WATER,468,110,78,73,76,71,60
341,가재군,,WATER,308,43,80,65,50,35,35
342,가재장군,,WATER,468,63,120,85,90,55,55
343,오뚝군,,GROUND,300,40,40,55,40,70,55
344,점토도리,,GROUND,500,60,70,105,70,120,75
345,릴링,,ROCK,355,66,41,77,61,87,23
346,릴리요,,ROCK,495,86,81,97,81,107,43
347,아노딥스,,ROCK,355,45,95,50,40,50,75
348,아말도,,ROCK,495,75,125,100,70,80,45
349,빈티나,,WATER,200,20,15,20,10,55,80
350,밀로틱,,WATER,540,95,60,79,100,125,81
351,캐스퐁,,NORMAL,420,70,70,70,70,70,70
351,캐스퐁,Sunny Form,FIRE,420,70,70,70,70,70,70
351,캐스퐁,Rainy Form,WATER,420,70,70,70,70,70,70
351,캐스퐁,Snowy Form,ICE,420,70,70,70,70,70,70
352,켈리몬,,NORMAL,440,60,90,70,60,120,40
353,어둠대신,,GHOST,295,44,75,35,63,33,45
354,다크펫,,GHOST,455,64,115,65,83,63,65
354,다크펫,Mega Banette,GHOST,555,64,165,75,93,83,75
355,해골몽,,GHOST,295,20,40,90,30,90,25
356,미라몽,,GHOST,455,40,70,130,60,130,25
357,트로피우스,,GRASS,460,99,68,83,72,87,51
358,치렁,,PSYCHIC,455,75,50,80,95,90,65
359,앱솔,,DARK,465,65,130,60,75,60,75
359,앱솔,Mega Absol,DARK,565,65,150,60,115,60,115
360,마자,,PSYCHIC,260,95,23,48,23,48,23
361,눈꼬마,,ICE,300,50,50,50,50,50,50
362,얼음귀신,,ICE,480,80,80,80,80,80,80
362,얼음귀신,Mega Glalie,ICE,580,80,120,80,120,80,100
363,대굴레오,,ICE,290,70,40,50,55,50,25
364,씨레오,,ICE,410,90,60,70,75,70,45
365,씨카이저,,ICE,530,110,80,90,95,90,65
366,진주몽,,WATER,345,35,64,85,74,55,32
367,헌테일,,WATER,485,55,104,105,94,75,52
368,분홍장이,,WATER,485,55,84,105,114,75,52
369,시라칸,,WATER,485,100,90,130,45,65,55
370,사랑동이,,WATER,330,43,30,55,40,65,97
371,아공이,,DRAGON,300,45,75,60,40,30,50
372,쉘곤,,DRAGON,420,65,95,100,60,50,50
373,보만다,,DRAGON,600,95,135,80,110,80,100
373,보만다,Mega Salamence,DRAGON,700,95,145,130,120,90,120
374,메탕,,STEEL,300,40,55,80,35,60,30
375,메탕구,,STEEL,420,60,75,100,55,80,50
376,메타그로스,,STEEL,600,80,135,130,95,90,70
376,메타그로스,Mega Metagross,STEEL,700,80,145,150,105,110,110
377,레지락,,ROCK,580,80,100,200,50,100,50
378,레지아이스,,ICE,580,80,50,100,100,200,50
379,레지스틸,,STEEL,580,80,75,150,75,150,50
380,라티아스,,DRAGON,600,80,80,90,110,130,110
380,라티아스,Mega Latias,DRAGON,700,80,100,120,140,150,110
381,라티오스,,DRAGON,600,80,90,80,130,110,110
381,라티오스,Mega Latios,DRAGON,700,80,130,100,160,120,110
382,가이오가,,WATER,670,100,100,90,150,140,90
382,가이오가,Primal Kyogre,WATER,770,100,150,90,180,160,90
383,그란돈,,GROUND,670,100,150,140,100,90,90
383,그란돈,Primal Groudon,GROUND,770,100,180,160,150,90,90
384,레쿠쟈,,DRAGON,680,105,150,90,150,90,95
384,레쿠쟈,Mega Rayquaza,DRAGON,780,105,180,100,180,100,115
385,지라치,,STEEL,600,100,100,100,100,100,100
386,테오키스,Normal Forme,PSYCHIC,600,50,150,50,150,50,150
386,테오키스,Attack Forme,PSYCHIC,600,50,180,20,180,20,150
386,테오키스,Defense Forme,PSYCHIC,600,50,70,160,70,160,90
386,테오키스,Speed Forme,PSYCHIC,600,50,95,90,95,90,180
387,모부기,,GRASS,318,55,68,64,45,55,31
388,수풀부기,,GRASS,405,75,89,85,55,65,36
389,토대부기,,GRASS,525,95,109,105,75,85,56
390,불꽃숭이,,FIRE,309,44,58,44,58,44,61
391,파이숭이,,FIRE,405,64,78,52,78,52,81
392,초염몽,,FIRE,534,76,104,71,104,71,108
393,팽도리,,WATER,314,53,51,53,61,56,40
394,팽태자,,WATER,405,64,66,68,81,76,50
395,엠페르트,,WATER,530,84,86,88,111,101,60
396,찌르꼬,,NORMAL,245,40,55,30,30,30,60
397,찌르버드,,NORMAL,340,55,75,50,40,40,80
398,찌르호크,,NORMAL,485,85,120,70,50,60,100
399,비버니,,NORMAL,250,59,45,40,35,40,31
400,비버통,,NORMAL,410,79,85,60,55,60,71
401,귀뚤뚜기,,BUG,194,37,25,41,25,41,25
402,귀뚤톡크,,BUG,384,77,85,51,55,51,65
403,꼬링크,,ELECTRIC,263,45,65,34,40,34,45
404,럭시오,,ELECTRIC,363,60,85,49,60,49,60
405,렌트라,,ELECTRIC,523,80,120,79,95,79,70
406,꼬몽울,,GRASS,280,40,30,35,50,70,55
407,로즈레이드,,GRASS,515,60,70,65,125,105,90
408,두개도스,,ROCK,350,67,125,40,30,30,58
409,램펄드,,ROCK,495,97,165,60,65,50,58
410,방패톱스,,ROCK,350,30,42,118,42,88,30
411,바리톱스,,ROCK,495,60,52,168,47,138,30
412,도롱충이,,BUG,224,40,29,45,29,45,36
413,도롱마담,Plant Cloak,BUG,424,60,59,85,79,105,36
413,도롱마담,Sandy Cloak,BUG,424,60,79,105,59,85,36
413,도롱마담,Trash Cloak,BUG,424,60,69,95,69,95,36
414,나메일,,BUG,424,70,94,50,94,50,66
415,세꿀버리,,BUG,244,30,30,42,30,42,70
416,비퀸,,BUG,474,70,80,102,80,102,40
417,파치리스,,ELECTRIC,405,60,45,70,45,90,95
418,브이젤,,WATER,330,55,65,35,60,30,85
419,플로젤,,WATER,495,85,105,55,85,50,115
420,체리버,,GRASS,275,45,35,45,62,53,35
421,체리꼬,,GRASS,450,70,60,70,87,78,85
422,깝질무,,WATER,325,76,48,48,57,62,34
423,트리토돈,,WATER,475,111,83,68,92,82,39
424,겟핸보숭,,NORMAL,482,75,100,66,60,66,115
425,흔들풍손,,GHOST,348,90,50,34,60,44,70
426,둥실라이드,,GHOST,498,150,80,44,90,54,80
427,이어롤,,NORMAL,350,55,66,44,44,56,85
428,이어롭,,NORMAL,480,65,76,84,54,96,105
428,이어롭,Mega Lopunny,NORMAL,580,65,136,94,54,96,135
429,무우마직,,GHOST,495,60,60,60,105,105,105
430,돈크로우,,DARK,505,100,125,52,105,52,71
431,나옹마,,NORMAL,310,49,55,42,42,37,85
432,몬냥이,,NORMAL,452,71,82,64,64,59,112
433,랑딸랑,,PSYCHIC,285,45,30,50,65,50,45
434,스컹뿡,,POISON,329,63,63,47,41,41,74
435,스컹탱크,,POISON,479,103,93,67,71,61,84
436,동미러,,STEEL,300,57,24,86,24,86,23
437,동탁군,,STEEL,500,67,89,116,79,116,33
438,꼬지지,,ROCK,290,50,80,95,10,45,10
439,Mime Jr.,,PSYCHIC,310,20,25,45,70,90,60
440,핑복,,NORMAL,220,100,5,5,15,65,30
441,페라페,,NORMAL,411,76,65,45,92,42,91
442,화강돌,,GHOST,485,50,92,108,92,108,35
443,딥상어동,,DRAGON,300,58,70,45,40,45,42
444,한바이트,,DRAGON,410,68,90,65,50,55,82
445,한카리아스,,DRAGON,600,108,130,95,80,85,102
445,한카리아스,Mega Garchomp,DRAGON,700,108,170,115,120,95,92
446,먹고자,,NORMAL,390,135,85,40,40,85,5
447,리오르,,FIGHTING,285,40,70,40,35,40,60
448,루카리오,,FIGHTING,525,70,110,70,115,70,90
448,루카리오,Mega Lucario,FIGHTING,625,70,145,88,140,70,112
449,히포포타스,,GROUND,330,68,72,78,38,42,32
450,하마돈,,GROUND,525,108,112,118,68,72,47
451,스콜피,,POISON,330,40,50,90,30,55,65
452,드래피온,,POISON,500,70,90,110,60,75,95
453,삐딱구리,,POISON,300,48,61,40,61,40,50
454,독개굴,,POISON,490,83,106,65,86,65,85
455,무스틈니,,GRASS,454,74,100,72,90,72,46
456,형광어,,WATER,330,49,49,56,49,61,66
457,네오라이트,,WATER,460,69,69,76,69,86,91
458,타만타,,WATER,345,45,20,50,60,120,50
459,눈쓰개,,GRASS,334,60,62,50,62,60,40
460,눈설왕,,GRASS,494,90,92,75,92,85,60
460,눈설왕,Mega Abomasnow,GRASS,594,90,132,105,132,105,30
461,포푸니라,,DARK,510,70,120,65,45,85,125
462,자포코일,,ELECTRIC,535,70,70,115,130,90,60
463,내룸벨트,,NORMAL,515,110,85,95,80,95,50
464,거대코뿌리,,GROUND,535,115,140,130,55,55,40
465,덩쿠림보,,GRASS,535,100,100,125,110,50,50
466,에레키블,,ELECTRIC,540,75,123,67,95,85,95
467,마그마번,,FIRE,540,75,95,67,125,95,83
468,토게키스,,FAIRY,545,85,50,95,120,115,80
469,메가자리,,BUG,515,86,76,86,116,56,95
470,리피아,,GRASS,525,65,110,130,60,65,95
471,글레이시아,,ICE,525,65,60,110,130,95,65
472,글라이온,,GROUND,510,75,95,125,45,75,95
473,맘모꾸리,,ICE,530,110,130,80,70,60,80
474,폴리곤Z,,NORMAL,535,85,80,70,135,75,90
475,엘레이드,,PSYCHIC,518,68,125,65,65,115,80
475,엘레이드,Mega Gallade,PSYCHIC,618,68,165,95,65,115,110
476,대코파스,,ROCK,525,60,55,145,75,150,40
477,야느와르몽,,GHOST,525,45,100,135,65,135,45
478,눈여아,,ICE,480,70,80,70,80,70,110
479,로토무,,ELECTRIC,440,50,50,77,95,77,91
479,로토무,Heat Rotom,ELECTRIC,520,50,65,107,105,107,86
479,로토무,Wash Rotom,ELECTRIC,520,50,65,107,105,107,86
479,로토무,Frost Rotom,ELECTRIC,520,50,65,107,105,107,86
479,로토무,Fan Rotom,ELECTRIC,520,50,65,107,105,107,86
479,로토무,Mow Rotom,ELECTRIC,520,50,65,107,105,107,86
480,유크시,,PSYCHIC,580,75,75,130,75,130,95
481,엠라이트,,PSYCHIC,580,80,105,105,105,105,80
482,아그놈,,PSYCHIC,580,75,125,70,125,70,115
483,디아루가,,STEEL,680,100,120,120,150,100,90
484,펄기아,,WATER,680,90,120,100,150,120,100
485,히드런,,FIRE,600,91,90,106,130,106,77
486,레지기가스,,NORMAL,670,110,160,110,80,110,100
487,기라티나,Altered Forme,GHOST,680,150,100,120,100,120,90
487,기라티나,Origin Forme,GHOST,680,150,120,100,120,100,90
488,크레세리아,,PSYCHIC,600,120,70,120,75,130,85
489,피오네,,WATER,480,80,80,80,80,80,80
490,마나피,,WATER,600,100,100,100,100,100,100
491,다크라이,,DARK,600,70,90,90,135,90,125
492,쉐이미,Land Forme,GRASS,600,100,100,100,100,100,100
492,쉐이미,Sky Forme,GRASS,600,100,103,75,120,75,127
493,아르세우스,,NORMAL,720,120,120,120,120,120,120
494,비크티니,,PSYCHIC,600,100,100,100,100,100,100
495,주리비얀,,GRASS,308,45,45,55,45,55,63
496,샤비,,GRASS,413,60,60,75,60,75,83
497,샤로다,,GRASS,528,75,75,95,75,95,113
498,뚜꾸리,,FIRE,308,65,63,45,45,45,45
499,챠오꿀,,FIRE,418,90,93,55,70,55,55
500,염무왕,,FIRE,528,110,123,65,100,65,65
501,수댕이,,WATER,308,55,55,45,63,45,45
502,쌍검자비,,WATER,413,75,75,60,83,60,60
503,대검귀,,WATER,528,95,100,85,108,70,70
504,보르쥐,,NORMAL,255,45,55,39,35,39,42
505,보르그,,NORMAL,420,60,85,69,60,69,77
506,요테리,,NORMAL,275,45,60,45,25,45,55
507,하데리어,,NORMAL,370,65,80,65,35,65,60
508,바랜드,,NORMAL,500,85,110,90,45,90,80
509,쌔비냥,,DARK,281,41,50,37,50,37,66
510,레파르다스,,DARK,446,64,88,50,88,50,106
511,야나프,,GRASS,316,50,53,48,53,48,64
512,야나키,,GRASS,498,75,98,63,98,63,101
513,바오프,,FIRE,316,50,53,48,53,48,64
514,바오키,,FIRE,498,75,98,63,98,63,101
515,앗차프,,WATER,316,50,53,48,53,48,64
516,앗차키,,WATER,498,75,98,63,98,63,101
517,몽나,,PSYCHIC,292,76,25,45,67,55,24
518,몽얌나,,PSYCHIC,487,116,55,85,107,95,29
519,콩둘기,,NORMAL,264,50,55,50,36,30,43
520,유토브,,NORMAL,358,62,77,62,50,42,65
521,켄호로우,,NORMAL,488,80,115,80,65,55,93
522,줄뮤마,,ELECTRIC,295,45,60,32,50,32,76
523,제브라이카,,ELECTRIC,497,75,100,63,80,63,116
524,단굴,,ROCK,280,55,75,85,25,25,15
525,암트르,,ROCK,390,70,105,105,50,40,20
526,기가이어스,,ROCK,515,85,135,130,60,80,25
527,또르박쥐,,PSYCHIC,323,65,45,43,55,43,72
528,맘박쥐,,PSYCHIC,425,67,57,55,77,55,114
529,두더류,,GROUND,328,60,85,40,30,45,68
530,몰드류,,GROUND,508,110,135,60,50,65,88
531,다부니,,NORMAL,445,103,60,86,60,86,50
531,다부니,Mega Audino,NORMAL,545,103,60,126,80,126,50
532,으랏차,,FIGHTING,305,75,80,55,25,35,35
533,토쇠골,,FIGHTING,405,85,105,85,40,50,40
534,노보청,,FIGHTING,505,105,140,95,55,65,45
535,동챙이,,WATER,294,50,50,40,50,40,64
536,두까비,,WATER,384,75,65,55,65,55,69
537,두빅굴,,WATER,509,105,95,75,85,75,74
538,던지미,,FIGHTING,465,120,100,85,30,85,45
539,타격귀,,FIGHTING,465,75,125,75,30,75,85
540,두르보,,BUG,310,45,53,70,40,60,42
541,두르쿤,,BUG,380,55,63,90,50,80,42
542,모아머,,BUG,500,75,103,80,70,80,92
543,마디네,,BUG,260,30,45,59,30,39,57
544,휠구,,BUG,360,40,55,99,40,79,47
545,펜드라,,BUG,485,60,100,89,55,69,112
546,소미안,,GRASS,280,40,27,60,37,50,66
547,엘풍,,GRASS,480,60,67,85,77,75,116
548,치릴리,,GRASS,280,45,35,50,70,50,30
549,드레디어,,GRASS,480,70,60,75,110,75,90
550,배쓰나이,Red-Striped Form,WATER,460,70,92,65,80,55,98
550,배쓰나이,Blue-Striped Form,WATER,460,70,92,65,80,55,98
551,깜눈크,,GROUND,292,50,72,35,35,35,65
552,악비르,,GROUND,351,60,82,45,45,45,74
553,악비아르,,GROUND,519,95,117,80,65,70,92
554,달막화,,FIRE,315,70,90,45,15,45,50
554,달막화,Galarian Darumaka,ICE,315,70,90,45,15,45,50
555,불비달마,Standard Mode,FIRE,480,105,140,55,30,55,95
555,불비달마,Zen Mode,FIRE,540,105,30,105,140,105,55
555,불비달마,Galarian Standard Mode,ICE,480,105,140,55,30,55,95
555,불비달마,Galarian Zen Mode,ICE,540,105,160,55,30,55,135
556,마라카치,,GRASS,461,75,86,67,106,67,60
557,돌살이,,BUG,325,50,65,85,35,35,55
558,암팰리스,,BUG,485,70,105,125,65,75,45
559,곤율랭,,DARK,348,50,75,70,35,70,48
560,곤율거니,,DARK,488,65,90,115,45,115,58
561,심보러,,PSYCHIC,490,72,58,80,103,80,97
562,데스마스,,GHOST,303,38,30,85,55,65,30
562,데스마스,Galarian Yamask,GROUND,303,38,55,85,30,65,30
563,데스니칸,,GHOST,483,58,50,145,95,105,30
564,프로토가,,WATER,355,54,78,103,53,45,22
565,늑골라,,WATER,495,74,108,133,83,65,32
566,아켄,,ROCK,401,55,112,45,74,45,70
567,아케오스,,ROCK,567,75,140,65,112,65,110
568,깨봉이,,POISON,329,50,50,62,40,62,65
569,더스트나,,POISON,474,80,95,82,60,82,75
570,조로아,,DARK,330,40,65,40,80,40,65
571,조로아크,,DARK,510,60,105,60,120,60,105
572,치라미,,NORMAL,300,55,50,40,40,40,75
573,치라치노,,NORMAL,470,75,95,60,65,60,115
574,고디탱,,PSYCHIC,290,45,30,50,55,65,45
575,고디보미,,PSYCHIC,390,60,45,70,75,85,55
576,고디모아젤,,PSYCHIC,490,70,55,95,95,110,65
577,유니란,,PSYCHIC,290,45,30,40,105,50,20
578,듀란,,PSYCHIC,370,65,40,50,125,60,30
579,란쿨루스,,PSYCHIC,490,110,65,75,125,85,30
580,꼬지보리,,WATER,305,62,44,50,44,50,55
581,스완나,,WATER,473,75,87,63,87,63,98
582,바닐프티,,ICE,305,36,50,50,65,60,44
583,바닐리치,,ICE,395,51,65,65,80,75,59
584,배바닐라,,ICE,535,71,95,85,110,95,79
585,사철록,,NORMAL,335,60,60,50,40,50,75
586,바라철록,,NORMAL,475,80,100,70,60,70,95
587,에몽가,,ELECTRIC,428,55,75,60,75,60,103
588,딱정곤,,BUG,315,50,75,45,40,45,60
589,슈바르고,,BUG,495,70,135,105,60,105,20
590,깜놀버슬,,GRASS,294,69,55,45,55,55,15
591,뽀록나,,GRASS,464,114,85,70,85,80,30
592,탱그릴,,WATER,335,55,40,50,65,85,40
593,탱탱겔,,WATER,480,100,60,70,85,105,60
594,맘복치,,WATER,470,165,75,80,40,45,65
595,파쪼옥,,BUG,319,50,47,50,57,50,65
596,전툴라,,BUG,472,70,77,60,97,60,108
597,철시드,,GRASS,305,44,50,91,24,86,10
598,너트령,,GRASS,489,74,94,131,54,116,20
599,기어르,,STEEL,300,40,55,70,45,60,30
600,기기어르,,STEEL,440,60,80,95,70,85,50
601,기기기어르,,STEEL,520,60,100,115,70,85,90
602,저리어,,ELECTRIC,275,35,55,40,45,40,60
603,저리릴,,ELECTRIC,405,65,85,70,75,70,40
604,저리더프,,ELECTRIC,515,85,115,80,105,80,50
605,리그레,,PSYCHIC,335,55,55,55,85,55,30
606,벰크,,PSYCHIC,485,75,75,75,125,95,40
607,불켜미,,GHOST,275,50,30,55,65,55,20
608,램프라,,GHOST,370,60,40,60,95,60,55
609,샹델라,,GHOST,520,60,55,90,145,90,80
610,터검니,,DRAGON,320,46,87,60,30,40,57
611,액슨도,,DRAGON,410,66,117,70,40,50,67
612,액스라이즈,,DRAGON,540,76,147,90,60,70,97
613,코고미,,ICE,305,55,70,40,60,40,40
614,툰베어,,ICE,505,95,130,80,70,80,50
615,프리지오,,ICE,515,80,50,50,95,135,105
616,쪼마리,,BUG,305,50,40,85,40,65,25
617,어지리더,,BUG,495,80,70,40,100,60,145
618,메더,,GROUND,471,109,66,84,81,99,32
618,메더,Galarian Stunfisk,GROUND,471,109,81,99,66,84,32
619,비조푸,,FIGHTING,350,45,85,50,55,50,65
620,비조도,,FIGHTING,510,65,125,60,95,60,105
621,크리만,,DRAGON,485,77,120,90,60,90,48
622,골비람,,GROUND,303,59,74,50,35,50,35
623,골루그,,GROUND,483,89,124,80,55,80,55
624,자망칼,,DARK,340,45,85,70,40,40,60
625,절각참,,DARK,490,65,125,100,60,70,70
626,버프론,,NORMAL,490,95,110,95,40,95,55
627,수리둥보,,NORMAL,350,70,83,50,37,50,60
628,워글,,NORMAL,510,100,123,75,57,75,80
629,벌차이,,DARK,370,70,55,75,45,65,60
630,버랜지나,,DARK,510,110,65,105,55,95,80
631,앤티골,,FIRE,484,85,97,66,105,66,65
632,아이앤트,,BUG,484,58,109,112,48,48,109
633,모노두,,DARK,300,52,65,50,45,50,38
634,디헤드,,DARK,420,72,85,70,65,70,58
635,삼삼드래,,DARK,600,92,105,90,125,90,98
636,활화르바,,BUG,360,55,85,55,50,55,60
637,불카모스,,BUG,550,85,60,65,135,105,100
638,코바르온,,STEEL,580,91,90,129,90,72,108
639,테라키온,,ROCK,580,91,129,90,72,90,108
640,비리디온,,GRASS,580,91,90,72,90,129,108
641,토네로스,Incarnate Forme,FLYING,580,79,115,70,125,80,111
641,토네로스,Therian Forme,FLYING,580,79,100,80,110,90,121
642,볼트로스,Incarnate Forme,ELECTRIC,580,79,115,70,125,80,111
642,볼트로스,Therian Forme,ELECTRIC,580,79,105,70,145,80,101
643,레시라무,,DRAGON,680,100,120,100,150,120,90
644,제크로무,,DRAGON,680,100,150,120,120,100,90
645,랜드로스,Incarnate Forme,GROUND,600,89,125,90,115,80,101
645,랜드로스,Therian Forme,GROUND,600,89,145,90,105,80,91
646,큐레무,,DRAGON,660,125,130,90,130,90,95
646,큐레무,Black Kyurem,DRAGON,700,125,170,100,120,90,95
646,큐레무,White Kyurem,DRAGON,700,125,120,90,170,100,95
647,케르디오,Ordinary Form,WATER,580,91,72,90,129,90,108
647,케르디오,Resolute Form,WATER,580,91,72,90,129,90,108
648,메로엣타,Aria Forme,NORMAL,600,100,77,77,128,128,90
648,메로엣타,Pirouette Forme,NORMAL,600,100,128,90,77,77,128
649,게노세크트,,BUG,600,71,120,95,120,95,99
650,도치마론,,GRASS,313,56,61,65,48,45,38
651,도치보구,,GRASS,405,61,78,95,56,58,57
652,브리가론,,GRASS,530,88,107,122,74,75,64
653,푸호꼬,,FIRE,307,40,45,40,62,60,60
654,테르나,,FIRE,409,59,59,58,90,70,73
655,마폭시,,FIRE,534,75,69,72,114,100,104
656,개구마르,,WATER,314,41,56,40,62,44,71
657,개굴반장,,WATER,405,54,63,52,83,56,97
658,개굴닌자,,WATER,530,72,95,67,103,71,122
658,개굴닌자,Ash-Greninja,WATER,640,72,145,67,153,71,132
659,파르빗,,NORMAL,237,38,36,38,32,36,57
660,파르토,,NORMAL,423,85,56,77,50,77,78
661,화살꼬빈,,NORMAL,278,45,50,43,40,38,62
662,불화살빈,,FIRE,382,62,73,55,56,52,84
663,파이어로,,FIRE,499,78,81,71,74,69,126
664,분이벌레,,BUG,200,38,35,40,27,25,35
665,분떠도리,,BUG,213,45,22,60,27,30,29
666,비비용,,BUG,411,80,52,50,90,50,89
667,레오꼬,,FIRE,369,62,50,58,73,54,72
668,화염레오,,FIRE,507,86,68,72,109,66,106
669,플라베베,,FAIRY,303,44,38,39,61,79,42
670,플라엣테,,FAIRY,371,54,45,47,75,98,52
671,플라제스,,FAIRY,552,78,65,68,112,154,75
672,메이클,,GRASS,350,66,65,48,62,57,52
673,고고트,,GRASS,531,123,100,62,97,81,68
674,판짱,,FIGHTING,348,67,82,62,46,48,43
675,부란다,,FIGHTING,495,95,124,78,69,71,58
676,트리미앙,,NORMAL,472,75,80,60,65,90,102
677,냐스퍼,,PSYCHIC,355,62,48,54,63,60,68
678,냐오닉스,Male,PSYCHIC,466,74,48,76,83,81,104
678,냐오닉스,Female,PSYCHIC,466,74,48,76,83,81,104
679,단칼빙,,STEEL,325,45,80,100,35,37,28
680,쌍검킬,,STEEL,448,59,110,150,45,49,35
681,킬가르도,Shield Forme,STEEL,500,60,50,140,50,140,60
681,킬가르도,Blade Forme,STEEL,500,60,140,50,140,50,60
682,슈쁘,,FAIRY,341,78,52,60,63,65,23
683,프레프티르,,FAIRY,462,101,72,72,99,89,29
684,나룸퍼프,,FAIRY,341,62,48,66,59,57,49
685,나루림,,FAIRY,480,82,80,86,85,75,72
686,오케이징,,DARK,288,53,54,53,37,46,45
687,칼라마네로,,DARK,482,86,92,88,68,75,73
688,거북손손,,ROCK,306,42,52,67,39,56,50
689,거북손데스,,ROCK,500,72,105,115,54,86,68
690,수레기,,POISON,320,50,60,60,60,60,30
691,드래캄,,POISON,494,65,75,90,97,123,44
692,완철포,,WATER,330,50,53,62,58,63,44
693,블로스터,,WATER,500,71,73,88,120,89,59
694,목도리키텔,,ELECTRIC,289,44,38,33,61,43,70
695,일레도리자드,,ELECTRIC,481,62,55,52,109,94,109
696,티고라스,,ROCK,362,58,89,77,45,45,48
697,견고라스,,ROCK,521,82,121,119,69,59,71
698,아마루스,,ROCK,362,77,59,50,67,63,46
699,아마루르가,,ROCK,521,123,77,72,99,92,58
700,님피아,,FAIRY,525,95,65,65,110,130,60
701,루차불,,FIGHTING,500,78,92,75,74,63,118
702,데덴네,,ELECTRIC,431,67,58,57,81,67,101
703,멜리시,,ROCK,500,50,50,150,50,150,50
704,미끄메라,,DRAGON,300,45,50,35,55,75,40
705,미끄네일,,DRAGON,452,68,75,53,83,113,60
706,미끄래곤,,DRAGON,600,90,100,70,110,150,80
707,클레피,,STEEL,470,57,80,91,80,87,75
708,나목령,,GHOST,309,43,70,48,50,60,38
709,대로트,,GHOST,474,85,110,76,65,82,56
710,호바귀,Average Size,GHOST,335,49,66,70,44,55,51
710,호바귀,Small Size,GHOST,335,44,66,70,44,55,56
710,호바귀,Large Size,GHOST,335,54,66,70,44,55,46
710,호바귀,Super Size,GHOST,335,59,66,70,44,55,41
711,펌킨인,Average Size,GHOST,494,65,90,122,58,75,84
711,펌킨인,Small Size,GHOST,494,55,85,122,58,75,99
711,펌킨인,Large Size,GHOST,494,75,95,122,58,75,69
711,펌킨인,Super Size,GHOST,494,85,100,122,58,75,54
712,꽁어름,,ICE,304,55,69,85,32,35,28
713,크레베이스,,ICE,514,95,117,184,44,46,28
714,음뱃,,FLYING,245,40,30,35,45,40,55
715,음번,,FLYING,535,85,70,80,97,80,123
716,제르네아스,,FAIRY,680,126,131,95,131,98,99
717,이벨타르,,DARK,680,126,131,95,131,98,99
718,지가르데,50% Forme,DRAGON,600,108,100,121,81,95,95
718,지가르데,10% Forme,DRAGON,486,54,100,71,61,85,115
718,지가르데,Complete Forme,DRAGON,708,216,100,121,91,95,85
719,디안시,,ROCK,600,50,100,150,100,150,50
719,디안시,Mega Diancie,ROCK,700,50,160,110,160,110,110
720,후파,Hoopa Confined,PSYCHIC,600,80,110,60,150,130,70
720,후파,Hoopa Unbound,PSYCHIC,680,80,160,60,170,130,80
721,볼케니온,,FIRE,600,80,110,120,130,90,70
722,나몰빼미,,GRASS,320,68,55,55,50,50,42
723,빼미스로우,,GRASS,420,78,75,75,70,70,52
724,모크나이퍼,,GRASS,530,78,107,75,100,100,70
725,냐오불,,FIRE,320,45,65,40,60,40,70
726,냐오히트,,FIRE,420,65,85,50,80,50,90
727,어흥염,,FIRE,530,95,115,90,80,90,60
728,누리공,,WATER,320,50,54,54,66,56,40
729,키요공,,WATER,420,60,69,69,91,81,50
730,누리레느,,WATER,530,80,74,74,126,116,60
731,콕코구리,,NORMAL,265,35,75,30,30,30,65
732,크라파,,NORMAL,355,55,85,50,40,50,75
733,왕큰부리,,NORMAL,485,80,120,75,75,75,60
734,영구스,,NORMAL,253,48,70,30,30,30,45
735,형사구스,,NORMAL,418,88,110,60,55,60,45
736,턱지충이,,BUG,300,47,62,45,55,45,46
737,전지충이,,BUG,400,57,82,95,55,75,36
738,투구뿌논,,BUG,500,77,70,90,145,75,43
739,오기지게,,FIGHTING,338,47,82,57,42,47,63
740,모단단게,,FIGHTING,478,97,132,77,62,67,43
741,춤추새,Baile Style,FIRE,476,75,70,70,98,70,93
741,춤추새,Pom-Pom Style,ELECTRIC,476,75,70,70,98,70,93
741,춤추새,Pa'u Style,PSYCHIC,476,75,70,70,98,70,93
741,춤추새,Sensu Style,GHOST,476,75,70,70,98,70,93
742,에블리,,BUG,304,40,45,40,55,40,84
743,에리본,,BUG,464,60,55,60,95,70,124
744,암멍이,,ROCK,280,45,65,40,30,40,60
744,암멍이,Own Tempo Rockruff,ROCK,280,45,65,40,30,40,60
745,루가루암,Midday Form,ROCK,487,75,115,65,55,65,112
745,루가루암,Midnight Form,ROCK,487,85,115,75,55,75,82
745,루가루암,Dusk Form,ROCK,487,75,117,65,55,65,110
746,약어리,Solo Form,WATER,175,45,20,20,25,25,40
746,약어리,School Form,WATER,620,45,140,130,140,135,30
747,시마사리,,POISON,305,50,53,62,43,52,45
748,더시마사리,,POISON,495,50,63,152,53,142,35
749,머드나기,,GROUND,385,70,100,70,45,55,45
750,만마드,,GROUND,500,100,125,100,55,85,35
751,물거미,,WATER,269,38,40,52,40,72,27
752,깨비물거미,,WATER,454,68,70,92,50,132,42
753,짜랑랑,,GRASS,250,40,55,35,50,35,35
754,라란티스,,GRASS,480,70,105,90,80,90,45
755,자마슈,,GRASS,285,40,35,55,65,75,15
756,마셰이드,,GRASS,405,60,45,80,90,100,30
757,야도뇽,,POISON,320,48,44,40,71,40,77
758,염뉴트,,POISON,480,68,64,60,111,60,117
759,포곰곰,,NORMAL,340,70,75,50,45,50,50
760,이븐곰,,NORMAL,500,120,125,80,55,60,60
761,달콤아,,GRASS,210,42,30,38,30,38,32
762,달무리나,,GRASS,290,52,40,48,40,48,62
763,달코퀸,,GRASS,510,72,120,98,50,98,72
764,큐아링,,FAIRY,485,51,52,90,82,110,100
765,하랑우탄,,NORMAL,490,90,60,80,90,110,60
766,내던숭이,,FIGHTING,490,100,120,90,40,60,80
767,꼬시레,,BUG,230,25,35,40,20,30,80
768,갑주무사,,BUG,530,75,125,140,60,90,40
769,모래꿍,,GHOST,320,55,55,80,70,45,15
770,모래성이당,,GHOST,480,85,75,110,100,75,35
771,해무기,,WATER,410,55,60,130,30,130,5
772,Type: Null,,NORMAL,534,95,95,95,95,95,59
773,실버디,,NORMAL,570,95,95,95,95,95,95
774,메테노,Meteor Form,ROCK,440,60,60,100,60,100,60
774,메테노,Core Form,ROCK,500,60,100,60,100,60,120
775,자말라,,NORMAL,480,65,115,65,75,95,65
776,폭거북스,,FIRE,485,60,78,135,91,85,36
777,토게데마루,,ELECTRIC,435,65,98,63,40,73,96
778,따라큐,,GHOST,476,55,90,80,50,105,96
779,치갈기,,WATER,475,68,105,70,70,70,92
780,할비롱,,NORMAL,485,78,60,85,135,91,36
781,타타륜,,GHOST,517,70,131,100,86,90,40
782,짜랑꼬,,DRAGON,300,45,55,65,45,45,45
783,짜랑고우,,DRAGON,420,55,75,90,65,70,65
784,짜랑고우거,,DRAGON,600,75,110,125,100,105,85
785,Tapu Koko,,ELECTRIC,570,70,115,85,95,75,130
786,Tapu Lele,,PSYCHIC,570,70,85,75,130,115,95
787,Tapu Bulu,,GRASS,570,70,130,115,85,95,75
788,Tapu Fini,,WATER,570,70,75,115,95,130,85
789,코스모그,,PSYCHIC,200,43,29,31,29,31,37
790,코스모움,,PSYCHIC,400,43,29,131,29,131,37
791,솔가레오,,PSYCHIC,680,137,137,107,113,89,97
792,루나아라,,PSYCHIC,680,137,113,89,137,107,97
793,텅비드,,ROCK,570,109,53,47,127,131,103
794,매시붕,,BUG,570,107,139,139,53,53,79
795,페로코체,,BUG,570,71,137,37,137,37,151
796,전수목,,ELECTRIC,570,83,89,71,173,71,83
797,철화구야,,STEEL,570,97,101,103,107,101,61
798,종이신도,,GRASS,570,59,181,131,59,31,109
799,악식킹,,DARK,570,223,101,53,97,53,43
800,네크로즈마,,PSYCHIC,600,97,107,101,127,89,79
800,네크로즈마,Dusk Mane Necrozma,PSYCHIC,680,97,157,127,113,109,77
800,네크로즈마,Dawn Wings Necrozma,PSYCHIC,680,97,113,109,157,127,77
800,네크로즈마,Ultra Necrozma,PSYCHIC,754,97,167,97,167,97,129
801,마기아나,,STEEL,600,80,95,115,130,115,65
802,마샤도,,FIGHTING,600,90,125,80,90,90,125
803,베베놈,,POISON,420,67,73,67,73,67,73
804,아고용,,POISON,540,73,73,73,127,73,121
805,차곡차곡,,ROCK,570,61,131,211,53,101,13
806,두파팡,,FIRE,570,53,127,53,151,79,107
807,제라오라,,ELECTRIC,600,88,112,75,102,80,143
808,멜탄,,STEEL,300,46,65,65,55,35,34
809,멜메탈,,STEEL,600,135,143,143,80,65,34
810,흥나숭,,GRASS,310,50,65,50,40,40,65
811,채키몽,,GRASS,420,70,85,70,55,60,80
812,고릴타,,GRASS,530,100,125,90,60,70,85
813,염버니,,FIRE,310,50,71,40,40,40,69
814,래비풋,,FIRE,420,65,86,60,55,60,94
815,에이스번,,FIRE,530,80,116,75,65,75,119
816,울머기,,WATER,310,50,40,40,70,40,70
817,누겔레온,,WATER,420,65,60,55,95,55,90
818,인텔리레온,,WATER,530,70,85,65,125,65,120
819,탐리스,,NORMAL,275,70,55,55,35,35,25
820,요씽리스,,NORMAL,460,120,95,95,55,75,20
821,Rookidee,,FLYING,245,38,47,35,33,35,57
822,파크로우,,FLYING,365,68,67,55,43,55,77
823,아머까오,,FLYING,495,98,87,105,53,85,67
824,두루지벌레,,BUG,180,25,20,20,25,45,45
825,레돔벌레,,BUG,335,50,35,80,50,90,30
826,이올브,,BUG,505,60,45,110,80,120,90
827,훔처우,,DARK,245,40,28,28,47,52,50
828,폭슬라이,,DARK,455,70,58,58,87,92,90
829,꼬모카,,GRASS,250,40,40,60,40,60,10
830,백솜모카,,GRASS,460,60,50,90,80,120,60
831,우르,,NORMAL,270,42,40,55,40,45,48
832,배우르,,NORMAL,490,72,80,100,60,90,88
833,깨물부기,,WATER,284,50,64,50,38,38,44
834,갈가부기,,WATER,485,90,115,90,48,68,74
835,멍파치,,ELECTRIC,270,59,45,50,40,50,26
836,펄스멍,,ELECTRIC,490,69,90,60,90,60,121
837,탄동,,ROCK,240,30,40,50,40,50,30
838,탄차곤,,ROCK,410,80,60,90,60,70,50
839,석탄산,,ROCK,510,110,80,120,80,90,30
840,과사삭벌레,,GRASS,260,40,40,80,40,40,20
841,애프룡,,GRASS,485,70,110,80,95,60,70
842,단지래플,,GRASS,485,110,85,80,100,80,30
843,모래뱀,,GROUND,315,52,57,75,35,50,46
844,사다이사,,GROUND,510,72,107,125,65,70,71
845,윽우지,,FLYING,475,70,85,55,85,95,85
846,찌로꼬치,,WATER,280,41,63,40,40,30,66
847,꼬치조,,WATER,490,61,123,60,60,50,136
848,일레즌,,ELECTRIC,242,40,38,35,54,35,40
849,스트린더,Low Key Form,ELECTRIC,502,75,98,70,114,70,75
849,스트린더,Amped Form,ELECTRIC,502,75,98,70,114,70,75
850,태우지네,,FIRE,305,50,65,45,50,50,45
851,다태우지네,,FIRE,525,100,115,65,90,90,65
852,때때무노,,FIGHTING,310,50,68,60,50,50,32
853,케오퍼스,,FIGHTING,480,80,118,90,70,80,42
854,데인차,,GHOST,308,40,45,45,74,54,50
855,포트데스,,GHOST,508,60,65,65,134,114,70
856,몸지브림,,PSYCHIC,265,42,30,45,56,53,39
857,손지브림,,PSYCHIC,370,57,40,65,86,73,49
858,브리무음,,PSYCHIC,510,57,90,95,136,103,29
859,메롱꿍,,DARK,265,45,45,30,55,40,50
860,쏘겨모,,DARK,370,65,60,45,75,55,70
861,오롱털,,DARK,510,95,120,65,95,75,60
862,가로막구리,,DARK,520,93,90,101,60,81,95
863,나이킹,,STEEL,440,70,110,100,50,60,50
864,산호르곤,,GHOST,510,60,95,50,145,130,30
865,창파나이트,,FIGHTING,507,62,135,95,68,82,65
866,Mr. Rime,,ICE,520,80,85,75,110,100,70
867,데스판,,GROUND,483,58,95,145,50,105,30
868,마빌크,,FAIRY,270,45,40,40,50,61,34
869,마휘핑,,FAIRY,495,65,60,75,110,121,64
870,대여르,,FIGHTING,470,65,100,100,70,60,75
871,찌르성게,,ELECTRIC,435,48,101,95,91,85,15
872,누니머기,,ICE,185,30,25,35,45,30,20
873,모스노우,,ICE,475,70,65,60,125,90,65
874,돌헨진,,ROCK,470,100,125,135,20,20,70
875,빙큐보,Ice Face,ICE,470,75,80,110,65,90,50
875,빙큐보,Noice Face,ICE,470,75,80,70,65,50,130
876,에써르,Male,PSYCHIC,475,60,65,55,105,95,95
876,에써르,Female,PSYCHIC,475,70,55,65,95,105,85
877,모르페코,Full Belly Mode,ELECTRIC,436,58,95,58,70,58,97
877,모르페코,Hangry Mode,ELECTRIC,436,58,95,58,70,58,97
878,끼리동,,STEEL,330,72,80,49,40,49,40
879,대왕끼리동,,STEEL,500,122,130,69,80,69,30
880,파치래곤,,ELECTRIC,505,90,100,90,80,70,75
881,파치르돈,,ELECTRIC,505,90,100,90,90,80,55
882,어래곤,,WATER,505,90,90,100,70,80,75
883,어치르돈,,WATER,505,90,90,100,80,90,55
884,두랄루돈,,STEEL,535,70,95,115,120,50,85
885,드라꼰,,DRAGON,270,28,60,30,40,30,82
886,드래런치,,DRAGON,410,68,80,50,60,50,102
887,드래펄트,,DRAGON,600,88,120,75,100,75,142
888,자시안,Crowned Sword,FAIRY,720,92,170,115,80,115,148
888,자시안,Hero of Many Battles,FAIRY,670,92,130,115,80,115,138
889,자마젠타,Crowned Shield,FIGHTING,720,92,130,145,80,145,128
889,자마젠타,Hero of Many Battles,FIGHTING,670,92,130,115,80,115,138
890,무한다이노,,POISON,690,140,85,95,145,95,130
890,무한다이노,Eternamax,POISON,1125,255,115,250,125,250,130
891,치고마,,FIGHTING,385,60,90,60,53,50,72
892,우라오스,Single Strike Style,FIGHTING,550,100,130,100,63,60,97
892,우라오스,Rapid Strike Style,FIGHTING,550,100,130,100,63,60,97
893,자루도,,DARK,600,105,120,105,70,95,105
894,레지에레키,,ELECTRIC,580,80,100,50,100,50,200
895,레지드래고,,DRAGON,580,200,100,50,100,50,80
896,Glastrier,,ICE,580,100,145,130,65,110,30
897,Spectrier,,GHOST,580,100,65,60,145,80,130
898,버드렉스,,PSYCHIC,500,100,80,80,80,80,80
898,버드렉스,Ice Rider,PSYCHIC,680,100,165,150,85,130,50
898,버드렉스,Shadow Rider,PSYCHIC,680,100,85,80,165,100,150
